movieCd,movieNm,openDt,genre,nation,first_scrn,first_show,first_date,peak,first_week_audi,total_audi,days_in_top10
19868242,연지구 디 오리지널 4K,20260325,판타지|멜로/로맨스,홍콩,130,175,20260325,0,2777,8624,3
20018158,이누야샤 극장판: 시대를 초월한 마음,20260909,애니메이션/액션/어드벤처/판타지,일본,137,211,20260909,0,19595,19829,5
20088147,줄무늬 파자마를 입은 소년,20260423,드라마|전쟁,영국|미국,153,213,20260423,0,3270,3604,1
20125316,석류의 빛깔 ,20251126,드라마,소련,55,68,20251126,0,6764,11982,4
20192680,끝장수사,20260402,범죄|액션,한국,648,1563,20260402,0,72247,85189,12
20204641,비광,20260902,드라마/가족,한국,667,1544,20260902,0,80633,98689,10
20228988,보스,20251003,코미디|액션,한국,1163,5416,20251003,0,1724128,2424803,32
20232662,삼악도,20260311,미스터리|공포(호러),한국,225,819,20260311,0,64868,92271,16
20233039,살인자 리포트,20250905,드라마|스릴러,한국,749,2647,20250905,0,224424,360799,19
20233219,호프,20260715,SF|스릴러|액션,한국,2403,8343,20260715,1,2384231,4570091,52
20233259,정보원,20251203,코미디|범죄,한국,766,1567,20251203,1,108943,164664,17
20236493,지느러미,20260722,SF/스릴러,한국,54,70,20260722,1,1543,2542,1
20240206,전력질주,20250910,드라마,한국,168,441,20250910,0,5691,9175,2
20240400,슈가,20260121,드라마|가족,한국,10,10,20260119,1,2084,2302,1
20240532,짱구,20260422,드라마,한국,693,1672,20260422,0,190037,407791,28
20241266,휴민트,20260211,액션|드라마,한국,1520,6291,20260211,0,1084970,1979498,36
20241501,매드 댄스 오피스,20260304,드라마|코미디,한국,484,885,20260304,0,30365,45429,13
20241575,메소드연기,20260318,드라마|코미디,한국,519,779,20260318,0,46299,59984,11
20242374,한란,20251126,드라마,한국,262,345,20251126,0,17202,18305,7
20242402,눈동자,20260624,스릴러,한국,789,2559,20260624,0,379564,1540233,42
20242837,왕과 사는 남자,20260204,사극|드라마,한국,1658,6932,20260204,0,1165295,16924757,118
20242964,얼굴,20250911,미스터리,한국,940,3368,20250911,0,433246,1067555,29
20243405,나혼자 프린스,20251119,코미디|멜로/로맨스,한국,535,1099,20251119,0,42387,52636,11
20243561,어쩔수가없다,20250924,스릴러|코미디,한국,2114,7378,20250924,0,1211084,2925401,42
20243864,연의 편지,20251001,애니메이션,한국,595,1478,20251001,0,112307,210768,21
20244606,바로 지금 여기,20250917,다큐멘터리,한국,84,91,20250917,0,6081,7370,1
20245485,귀시,20250917,공포(호러),한국,618,1430,20250917,0,62214,63425,7
20246546,보이,20260114,범죄|멜로/로맨스,한국,145,193,20260114,1,8466,12783,4
20247245,홈캠,20250910,공포(호러),한국,260,894,20250910,0,70240,71643,7
20247429,세계의 주인,20251022,드라마,한국,358,501,20251022,0,37963,166061,39
20247457,신의악단,20251231,드라마,한국,496,811,20251231,1,138942,1438794,76
20247458,경주기행,20260826,범죄,한국,745,2018,20260826,1,220293,335379,20
20247648,내 이름은,20260415,드라마,한국,667,1594,20260415,0,110331,206709,27
20247690,시스터,20260128,스릴러,한국,650,1555,20260128,1,56199,69076,9
20248252,와일드 씽,20260603,코미디,한국,1351,5470,20260603,0,584372,1344042,45
20248484,신사: 악귀의 속삭임,20260617,공포(호러)|미스터리,한국,207,403,20260617,0,36230,45711,9
20249255,만약에 우리,20251231,멜로/로맨스,한국,961,2734,20251231,1,574140,2594460,56
20249326,윗집 사람들,20251203,드라마|코미디,한국,752,1765,20251203,1,217524,545602,28
20249624,프로젝트 Y,20260121,범죄|드라마,한국,781,2785,20260121,1,114312,116465,7
20249641,나쁜계집애: 달려라 하니,20251007,애니메이션,한국,487,755,20251007,0,44033,54826,8
20250024,블루 아카이브 : 디 오케스트라 인 시네마,20251212,공연,한국,47,62,20251212,1,3774,3924,1
20250112,극장판 총집편 걸즈 밴드 크라이 청춘광주곡,20260128,애니메이션,일본,130,245,20260128,1,5344,14097,2
20250115,굿 포츈,20260107,코미디|판타지,미국,353,496,20260107,1,23626,24026,7
20250188,하트맨,20260114,코미디,한국,839,2941,20260114,1,175561,235159,14
20250299,고고다이노 극장판: 곤충세계 대모험,20260114,애니메이션,한국,240,343,20260117,1,14550,33774,4
20250365,햄넷,20260225,드라마,미국,381,495,20260225,0,27181,56231,16
20250413,다이 마이 러브,20260304,드라마|스릴러,미국,115,212,20260304,0,3683,3683,2
20250438,끝이 없는 스칼렛,20260114,애니메이션,일본,165,322,20260114,1,3762,3762,1
20250444,코드: G 주목의 시작,20251227,SF|드라마,한국,39,69,20251227,1,6285,7888,3
20250482,"신비아파트 10주년 극장판: 한 번 더, 소환",20260114,애니메이션,한국,597,1033,20260114,1,166398,319083,21
20250489,슈퍼걸,20260624,액션|어드벤처,미국,883,2916,20260624,0,123387,135798,11
20250563,정글비트 2,20260129,애니메이션,영국,309,353,20260201,1,4359,12813,1
20250604,극장판 엉덩이 탐정: 스타 앤드 문,20260207,애니메이션,일본,247,492,20260207,0,20150,46280,6
20250644,직장상사 길들이기,20260128,스릴러,미국,654,1547,20260128,1,61877,63443,7
20250654,오디세이,20260805,액션/드라마/어드벤처,미국,1682,5036,20260805,1,2366214,10834339,41
20250655,디스클로저 데이,20260610,SF|미스터리,미국,1072,2962,20260610,0,214165,250842,15
20250686,하우스메이드,20260128,스릴러|미스터리,미국,533,915,20260128,1,53095,67329,10
20250840,바다 탐험대 옥토넛 어보브 앤 비욘드 : 육지생물 구조작전,20260212,애니메이션|액션|어드벤처,영국,141,169,20260212,0,16307,21127,5
20250875,우리는 매일매일,20260304,멜로/로맨스,한국,142,168,20260304,0,7986,11794,4
20250878,노 머시: 90분,20260204,스릴러,미국,538,1413,20260204,0,65791,98458,15
20252373,넘버원,20260211,드라마,한국,647,1723,20260211,0,141455,278409,22
20252402,군체,20260521,액션|스릴러,한국,1964,8118,20260521,0,2359985,5951761,69
20252432,주토피아 2,20251126,애니메이션,미국,2084,8027,20251126,0,2399114,8604180,74
20252801,교생실습,20260513,코미디|공포(호러),한국,253,394,20260513,0,19928,22022,5
20253340,구원자,20251105,미스터리,한국,498,982,20251105,0,18114,29806,6
20253852,퍼스트 라이드,20251029,코미디|드라마,한국,1227,4530,20251029,0,396754,737835,30
20253906,프레디의 피자가게 2,20251203,공포(호러)|스릴러,미국,571,1288,20251203,1,97993,230625,24
20254021,트론: 아레스,20251008,SF|액션,미국,779,2174,20251008,0,149442,158573,10
20254054,여행과 나날,20251210,드라마,일본,136,163,20251210,1,14979,38611,10
20254121,살목지,20260408,공포(호러)|스릴러,한국,1191,3873,20260408,0,835403,3232828,49
20254219,"오늘 밤, 세계에서 이 사랑이 사라진다 해도",20251224,멜로/로맨스,한국,755,1855,20251224,1,432818,843211,28
20254375,프레데터: 죽음의 땅,20251105,SF|액션,미국,952,3456,20251105,0,254118,415690,21
20255381,위키드: 포 굿,20251119,판타지|뮤지컬|어드벤처,미국,1699,5740,20251119,0,595554,964710,40
20255484,오케이 마담2,20260812,액션/코미디,한국,925,2514,20260812,1,238834,337976,20
20256025,더 러닝 맨,20251210,액션,영국,557,1224,20251210,1,32797,34000,6
20256071,투게더,20250903,공포(호러)|멜로/로맨스,미국,251,646,20250903,0,30694,33273,7
20256173,스폰지밥 무비: 네모바지를 찾아서,20260101,애니메이션,미국,505,642,20260101,1,62086,81767,10
20256308,인턴,20260916,드라마,한국,38,39,20260904,0,11989,18173,3
20256320,부고니아,20251105,스릴러|코미디,미국,518,1143,20251105,0,43225,65526,14
20256396,아바타: 불과 재,20251217,SF|액션|어드벤처,미국,2582,8143,20251217,1,2042076,6731026,56
20256397,원 배틀 애프터 어나더,20251001,범죄|액션,미국,601,1195,20251001,0,214575,521262,31
20256526,브레드이발소: 베이커리타운의 악당들,20250927,애니메이션,한국,368,725,20250927,0,98696,276229,19
20256684,웨폰,20251015,공포(호러)|미스터리,미국,524,1283,20251015,0,62043,73110,8
20256702,컨저링: 마지막 의식,20250903,공포(호러),미국,843,2219,20250903,0,266613,410827,19
20256741,아기돼지 3형제: 도넛별 대모험,20250904,애니메이션|어드벤처,중국,267,302,20250906,0,9779,13824,2
20256757,극장판 체인소 맨: 레제편,20250924,애니메이션|액션|어드벤처,일본,829,2557,20250924,0,579237,3453440,81
20256864,프랑켄슈타인 : 더 뮤지컬 라이브,20250918,공연,한국,19,82,20250918,0,31003,50640,9
20256962,바다 탐험대 옥토넛 어보브 앤 비욘드 : 콰지의 깜짝 어드벤처,20250927,애니메이션|액션|어드벤처,영국,269,401,20250927,0,12175,14103,2
20257083,건국전쟁2 ,20250910,다큐멘터리,한국,379,693,20250910,0,25657,43913,8
20257095,명탐정 코난: 17년 전의 진상,20250919,애니메이션,일본,245,752,20250919,0,60232,74368,12
20257100,산양들,20260729,드라마,한국,39,51,20260730,1,1118,2827,1
20257161,국보,20251119,드라마,일본,484,802,20251119,0,67401,191245,27
20257208,개비의 매직하우스 극장판,20251003,어드벤처|가족,미국,409,527,20251003,0,64222,101413,9
20257229,파르테노페,20250924,드라마|멜로/로맨스,이탈리아,50,53,20250924,0,2770,7534,2
20257321,그저 사고였을 뿐,20251001,액션|범죄|드라마,이란,102,112,20251001,0,2061,25580,2
20257361,난징사진관,20251105,드라마,중국,272,358,20251105,0,12834,28800,6
20257456,말할 수 없는 비밀: 마지막 챕터,20251030,멜로/로맨스,일본,158,310,20251030,0,3606,3845,1
20257521,프로텍터,20260325,액션,한국,413,595,20260325,0,22571,22785,7
20257570,8번 출구,20251022,스릴러|공포(호러),일본,749,2639,20251022,0,211707,441742,30
20257586,2016 방탄소년단 라이브 화양연화 온 스테이지 : 에필로그 리마스터링,20250923,공연,한국,95,157,20250924,0,1082,1232,1
20257658,극장판 주술회전: 회옥·옥절,20251016,애니메이션,일본,694,2206,20251016,0,142874,217899,16
20257670,워킹맨,20251001,액션|스릴러|범죄,미국|영국,173,408,20251001,0,7210,7210,2
20257728,중간계,20251015,액션,한국,229,508,20251015,0,17560,24964,5
20257729,배달의 영웅 : 캐리와 슈퍼콜라2,20251003,애니메이션|SF,한국,385,463,20251003,0,6864,7214,1
20257744,28년 후: 뼈의 사원,20260227,공포(호러)|스릴러,미국,467,807,20260227,0,28983,29175,5
20257795,베이비걸,20251029,스릴러|멜로/로맨스|드라마,미국,157,450,20251029,0,5865,6419,1
20257823,폭풍의 언덕,20260211,드라마|멜로/로맨스,미국,428,816,20260211,0,42772,57770,9
20258001,지드래곤 인 시네마 [위버맨쉬],20251029,공연,한국,86,305,20251029,0,4859,5059,1
20258183,원 인 어 밀리언,20251020,다큐멘터리|공연,한국,35,74,20251020,0,6166,6166,1
20258236,만달로리안과 그로구,20260527,액션|어드벤처,미국,809,2103,20260527,0,137215,221481,22
20258272,톰과 제리: 황금나침반 대소동,20260101,애니메이션,미국,406,484,20260101,1,26035,26491,4
20258311,엄마를 버리러 갑니다,20251105,드라마,한국|베트남,155,308,20251105,0,8056,17612,3
20258324,731,20260121,드라마,중국,314,492,20260121,1,10172,10172,2
20258325,스노우 폭스 : 마법의 돌을 찾아서,20260110,애니메이션,미국,180,242,20260110,1,7109,7145,2
20258383,나우 유 씨 미 3,20251112,범죄|액션,미국,1261,5132,20251112,0,688408,1367031,35
20258385,꼬마돼지 베이브와 타피티,20251113,애니메이션,독일,349,406,20251115,0,10659,15309,2
20258444,브라이드!,20260304,액션|멜로/로맨스|드라마,미국,399,676,20260304,0,22187,22455,7
20258570,극장판 똘똘이: 아기공룡의 비밀,20251107,애니메이션,한국,222,405,20251108,0,16757,36194,6
20258621,척의 일생,20251224,드라마|판타지,미국,167,193,20251224,1,15833,17436,7
20258628,이찬원 정규 2집 ‘찬란’ 청음회,20251019,기타,한국,40,40,20251019,0,5892,5892,1
20258681,후지모토 타츠키 17-26 파트 1,20251024,애니메이션,일본,20,36,20251024,0,2596,14867,2
20258739,극장판 주술회전: 시부야사변 X 사멸회유,20251203,애니메이션,일본,733,1970,20251203,1,216831,357540,23
20258808,뽀로로 극장판 스위트캐슬 대모험,20251211,애니메이션,한국,439,631,20251211,1,90871,249736,29
20258837,뒷자리에 태워줘,20260527,드라마,영국,155,201,20260527,0,5394,15323,4
20258885,프라이메이트,20260128,공포(호러)|스릴러,미국,502,911,20260128,1,23060,34694,5
20258945,너만 보이는 날,20260624,멜로/로맨스,중국,158,201,20260624,0,8582,15968,4
20259028,에이티즈 에이 투 지 온 스크린,20251023,공연,한국,12,24,20251023,0,1953,1953,1
20259058,신세기 에반게리온 극장판 사도신생,20251031,애니메이션,일본,180,349,20251031,0,7066,7066,1
20259147,케이팝 데몬 헌터스,20251031,애니메이션,캐나다,123,498,20251031,0,39175,39175,3
20259225,포레스텔라 : 더 웨이브 인 시네마,20251119,공연,한국,23,33,20251119,0,2025,2025,1
20259250,피렌체,20260107,드라마,한국,198,239,20260107,1,10606,17124,5
20259333,누벨바그,20251231,드라마,프랑스,141,222,20251231,1,4051,4597,1
20259339,힌드의 목소리,20260415,드라마,프랑스,116,145,20260415,0,4991,12346,4
20259383,극장판 짱구는 못말려: 초화려! 작열하는 떡잎마을 댄서즈,20251224,애니메이션,일본,747,1652,20251224,1,298249,476133,27
20259536,힘,20251126,공포(호러),미국,16,16,20251125,0,2614,2614,1
20259551,파리의 사생활,20260715,드라마,영국,30,32,20260716,1,942,3736,2
20259563,파더 마더 시스터 브라더,20251231,드라마,프랑스,63,68,20251231,1,3216,27131,5
20259583,초속 5센티미터,20260225,드라마|멜로/로맨스,일본,568,1257,20260225,0,70220,87040,13
20259584,마이 선샤인,20260107,드라마,일본,244,312,20260107,1,3012,4084,1
20259618,콘크리트 마켓,20251203,드라마,한국,188,344,20251203,1,19431,21784,6
20259626,마이클,20260513,드라마,미국,1734,6157,20260513,0,710991,1615847,42
20259641,송 썽 블루,20260114,드라마,미국,19,19,20260105,1,7199,7199,2
20259773,슈퍼 마리오 갤럭시,20260429,애니메이션,미국,1166,4173,20260429,0,1107652,1633044,34
20259781,토이 스토리 5,20260617,애니메이션|어드벤처|코미디,미국,1538,6104,20260617,0,990035,2942352,56
20259791,악마는 프라다를 입는다 2,20260429,드라마,미국,1578,6165,20260429,0,958114,1590300,35
20259893,화양연화 특별판,20251231,드라마,홍콩,174,197,20251231,1,25024,30151,6
20259946,모아나,20260708,어드벤처|액션,미국,1374,5260,20260708,1,565882,1022927,33
20261041,스트레이 키즈 : 더 도미네이트 익스피리언스,20260204,공연,미국,103,184,20260204,0,7990,16881,3
20261150,점보,20260218,애니메이션,인도네시아,355,453,20260218,0,41115,45106,6
20261181,너자 2,20260225,애니메이션,중국,277,584,20260225,0,40419,59179,13
20261208,귀신 부르는 앱: 영,20260218,공포(호러)|스릴러,한국,176,357,20260218,0,68847,91031,13
20261410,키퍼,20260708,공포(호러),캐나다,119,194,20260708,1,3439,3439,2
20261437,녹나무의 파수꾼,20260318,애니메이션,일본,305,469,20260318,0,8133,8133,6
20261439,"2024.12.03 그날 조작된 내란, 감춰진 진실",20260204,다큐멘터리,한국,145,229,20260204,0,138998,207669,18
20261450,슬라이드 스트럼 뮤트,20260226,드라마|미스터리,한국,117,126,20260226,0,7889,9942,2
20261467,시크릿 에이전트,20260708,드라마|범죄,브라질,83,93,20260708,1,1742,2779,1
20261524,짝사랑 세계,20260624,드라마|멜로/로맨스,일본,150,275,20260624,0,12228,23203,7
20261526,아이엠스타!X프리파라 더 무비 -만남의 기적!-,20260204,애니메이션,일본,118,160,20260204,0,14489,75777,11
20261621,엔하이픈 [워크 더 라인 썸머 에디션] 인 시네마,20260227,공연,한국,61,117,20260227,0,2897,2897,1
20261622,위 리브 인 타임,20260408,멜로/로맨스|드라마,프랑스,220,437,20260408,0,22181,28430,10
20261666,네가 마지막으로 남긴 노래,20260401,멜로/로맨스,일본,560,1408,20260401,0,60284,78787,14
20261766,상자 속의 양,20260610,드라마|SF,일본,456,745,20260610,0,35636,67801,14
20261782,프로젝트 헤일메리,20260318,SF,미국,1331,4086,20260318,0,642028,2896778,72
20261784,미니언즈 & 몬스터즈,20260715,애니메이션,미국,851,2448,20260715,1,406423,773600,31
20261804,폭탄,20260318,스릴러,일본,175,312,20260318,0,19013,23192,8
20261906,명탐정 코난: 세기말의 마술사,20260327,애니메이션,일본,238,727,20260327,0,61739,92744,16
20261927,스페셜즈,20260313,코미디|액션,일본,38,46,20260315,0,2032,3673,1
20261943,올 그린스,20260506,드라마|범죄,일본,133,201,20260506,0,3976,7695,3
20262101,킬 빌: 더 홀 블러디 어페어,20260401,액션,미국,88,119,20260401,0,9261,13170,5
20262179,펫 트레인,20260328,애니메이션,프랑스,182,324,20260328,0,11559,18567,4
20262291,뮤지컬 장수탕 선녀님,20260326,뮤지컬|공연,한국,134,197,20260328,0,5649,7932,2
20262343,크라임 101,20260408,범죄|드라마|스릴러,미국,208,436,20260408,0,17234,17746,7
20262381,사랑의 하츄핑: 고래보석의 전설,20260805,애니메이션,한국,824,1751,20260805,1,445009,867933,28
20262383,쉘터,20260415,액션|스릴러,미국,174,298,20260415,0,17896,17896,7
20262463,오피셜히게단디즘 라이브 앳 스타디움 2025,20260402,공연,일본,58,84,20260402,0,4619,4619,2
20262639,노멀,20260417,범죄|액션|스릴러,미국,129,246,20260417,0,11651,15602,7
20262648,런닝맨: 라이트&쉐도우,20260411,애니메이션,한국,196,345,20260411,0,12552,13055,2
20262651,하나 코리아,20260708,드라마,한국,170,228,20260708,1,7768,12896,4
20262657,리 크로닌의 미이라,20260422,공포(호러),미국,368,610,20260422,0,32417,33691,7
20262685,란 12.3,20260422,다큐멘터리,한국,842,2156,20260422,0,147897,234543,21
20262770,스파이더맨: 브랜드 뉴 데이,20260729,액션/어드벤처/판타지,미국,2304,9082,20260729,1,4137124,8938826,48
20262775,기동전사 건담: 섬광의 하사웨이 키르케의 마녀,20260422,애니메이션,일본,90,149,20260422,0,21189,41274,14
20262776,르누아르,20260422,드라마,일본|프랑스,127,239,20260422,0,5410,13670,2
20262811,"극장판 총집편 걸즈 밴드 크라이 있잖아, 미래.",20260416,애니메이션,일본,100,136,20260416,0,2920,2920,1
20262907,고트: 더 레전드,20260417,애니메이션|액션|어드벤처|코미디,미국,339,423,20260417,0,20628,30056,7
20262945,퍼피 구조대: 더 다이노 무비,20260813,애니메이션,미국,289,314,20260813,1,70272,106540,11
20262947,모탈 컴뱃 2,20260506,액션|어드벤처|판타지,미국,365,592,20260506,0,14267,14433,7
20262975,신극장판 은혼: 요시와라 대염상,20260520,애니메이션,일본,440,901,20260520,0,50274,70388,11
20263030,백룸,20260527,공포(호러)|스릴러,미국,688,1609,20260527,0,458110,1211546,49
20263222,극장판 호빵맨: 세균맨과 그림책의 루룬,20260523,애니메이션,일본,221,372,20260523,0,18745,30336,5
20263253,극장판 내 마음의 위험한 녀석,20260521,애니메이션,일본,115,205,20260521,0,15740,15740,4
20263272,돌핀보이: 푸른 바다의 수호자,20260603,애니메이션,독일,222,242,20260603,0,11807,13617,3
20263307,도그 스타: 마지막 희망,20260826,액션/SF,미국,280,397,20260826,1,9792,14732,5
20263327,사랑의 하츄핑 특별판,20260501,애니메이션,한국,295,352,20260501,0,10572,12323,4
20263344,너바나 더 밴드 : 전설적 밴드 ‘너바나’와는 별 관련 없는 ‘너바나 더 밴드’의 콤비 맷과 제이. 어느 날 공연을 위해 타임머신을 만드는 황당한 작전을 세우고 처음 만났던 17년 전으로 돌,20260520,코미디|어드벤처|SF,캐나다,155,273,20260520,0,27877,81338,21
20263363,리마인더스 오브 힘,20260527,드라마|멜로/로맨스,미국,17,17,20260521,0,3000,3000,1
20263512,이상한 과자 가게 전천당,20260529,판타지|드라마,한국,485,738,20260529,0,95761,159163,14
20263521,카드캡터 체리 극장판,20260528,애니메이션,일본,162,238,20260528,0,4456,4456,1
20263530,마티 슈프림,20260701,드라마,미국,738,1625,20260701,1,79893,131844,27
20263644,미세스 그린 애플 매지컬 10주년 기념 라이브 ~피오르드~ 온 스크린,20260527,공연,일본,21,21,20260527,0,1279,1279,1
20263761,플레이브 아시아 투어 [대쉬: 퀀텀 리프] 앙코르 인 시네마,20260603,공연,한국,62,112,20260603,0,20480,28218,5
20263941,마스터즈 오브 유니버스,20260605,액션|어드벤처|판타지|SF,미국,214,281,20260605,0,12842,12968,5
20263948,에픽: 엘비스 프레슬리 콘서트,20260701,공연|다큐멘터리,미국,26,26,20260618,1,4947,9991,2
20264027,극장판 도라에몽: 신 진구의 해저비밀성,20260701,애니메이션,일본,141,538,20260701,1,42241,69574,13
20264035,인시디어스: 그들이 넘어왔다,20260820,공포(호러)/미스터리/스릴러,미국,690,1563,20260820,1,121299,154456,13
20264056,그린랜드 2: 마이그레이션,20260701,액션|SF,영국,378,733,20260701,1,40781,53889,10
20264080,워페어,20260819,액션/드라마/전쟁,미국,199,381,20260819,1,10378,16374,5
20264148,어떻게 해야 했을까?,20260729,다큐멘터리,일본,61,77,20260729,1,29754,79674,22
20264226,쏜애플 '나의 세기' 익스텐디드 플레이 필름,20260610,공연,한국,29,60,20260610,0,2000,2000,1
20264241,정동원 팬콘서트 필름 : 다시 만나는 길,20260626,공연,한국,43,79,20260626,0,10316,10316,5
20264331,디어 마이 히어로,20260614,액션/판타지,한국,120,328,20260614,0,8719,15722,4
20264427,극장판 암살교실 모두의 시간,20260701,애니메이션,일본,143,214,20260701,1,19877,19877,7
20264557,오크 스트리트의 마지막 날,20260826,액션/어드벤처/미스터리/SF/스릴러,미국,771,1591,20260826,1,117560,132622,13
20264635,명탐정 코난: 하이웨이의 타천사,20260812,애니메이션,일본,809,1794,20260812,1,270123,421534,27
20264715,드라큘라: 러브 테일,20260826,판타지/멜로/로맨스/공포(호러),프랑스,130,177,20260826,1,8000,8527,3
20264753,호컴,20260722,공포(호러),미국,124,192,20260722,1,5080,6190,3
20264801,포가튼 아일랜드,20260923,판타지/코미디/어드벤처,미국,48,49,20260912,0,9314,11772,1
20264879,청년 조용기,20260911,다큐멘터리,한국,6,10,20260811,0,2596,8190,4
20264915,딥 워터,20260909,스릴러/공포(호러),미국,139,224,20260909,0,3232,3500,1
20264918,싱 어게인,20260902,드라마,아일랜드/미국,607,1014,20260902,0,65892,91887,13
20265146,옵세션,20260902,공포(호러),미국,618,1307,20260902,0,238589,500507,13
20265254,투모로우바이투게더 브이알 콘서트 : 엔드리스 라이드,20260731,드라마,한국,2,14,20260731,1,1469,5528,2
20265344,오아시스: 돈 룩 백 인 앵거,20260909,다큐멘터리,미국,137,199,20260909,0,10570,17173,4
20265423,더 드라마,20260909,드라마/멜로/로맨스,미국,630,1400,20260909,0,53247,58040,6
20265573,인 더 그레이,20260902,액션/범죄,미국,156,295,20260902,0,7370,10211,5
20265598,에이티즈 : 라이트 더 웨이 인 시네마,20260819,공연,한국,27,54,20260819,1,1999,1999,1
